{
  "title": "Algebra \u2014 Set 2: Quadratic Equations & Factorization",
  "description": "Basic quadratic solving and factoring practice.",
  "questions": [
    {
      "q": "Factorize: x^2 - 5x + 6.",
      "options": [
        "(x-2)(x-3)",
        "(x+2)(x+3)",
        "(x-1)(x-6)",
        "prime"
      ],
      "answer": 0,
      "hint": "Find two numbers that multiply to +6 and add to -5.",
      "explanation": "(x-2)(x-3) expands to x^2 -5x +6."
    },
    {
      "q": "Solve: x^2 = 9.",
      "options": [
        "-3 only",
        "3 only",
        "\u00b13",
        "0"
      ],
      "answer": 2,
      "hint": "Square root gives two possibilities.",
      "explanation": "x = 3 or x = -3."
    }
  ]
}