{
  "title": "Algebra \u2014 Set 1: Linear Equations & Expressions",
  "description": "Practice linear equations and manipulation of algebraic expressions.",
  "questions": [
    {
      "q": "Solve for x: 2x + 5 = 13.",
      "options": [
        "3",
        "4",
        "6",
        "5"
      ],
      "answer": 1,
      "hint": "Isolate x by subtracting 5 and dividing by 2.",
      "explanation": "2x + 5 = 13 \u2192 2x = 8 \u2192 x = 4."
    },
    {
      "q": "If 3(x - 2) = 9, find x.",
      "options": [
        "2",
        "5",
        "8",
        "3"
      ],
      "answer": 1,
      "hint": "Divide both sides by 3 after expanding.",
      "explanation": "3(x-2)=9 \u2192 x-2=3 \u2192 x=5."
    }
  ]
}