{
  "title": "Geometry \u2014 Set 2: Circles & Polygons",
  "description": "Basic problems on circles and polygon interior angles.",
  "questions": [
    {
      "q": "Sum of interior angles of a hexagon is:",
      "options": [
        "720\u00b0",
        "540\u00b0",
        "360\u00b0",
        "900\u00b0"
      ],
      "answer": 0,
      "hint": "Use (n-2)*180\u00b0 formula.",
      "explanation": "For n=6 \u2192 (6-2)*180 = 720\u00b0."
    },
    {
      "q": "A central angle in a circle subtends arc of 60\u00b0. The corresponding sector's fraction of circle is:",
      "options": [
        "1/6",
        "1/3",
        "1/4",
        "1/12"
      ],
      "answer": 0,
      "hint": "Sector fraction = angle/360\u00b0.",
      "explanation": "60/360 = 1/6."
    }
  ]
}